First Name,Last Name,Email,Special Requests & Brothers I would like to golf with,How many other golfers/participants are you registering?,Golfer 2 Name,Golfer 3 Name,Golfer 4 Name,Entry Number,Registration Date,Order Number,Account Email,Entry Status,Unclaimed Profiles,Order Status
John,Gabos,jgabos@myiceberg.com,"Pat, Williams, Dan Boulay, Mike Schroeder",None,,,,51195907,"03/18/2019, 05:13pm CDT",EAO90747,jgabos@myiceberg.com,Active,Unclaimed,Paid
Randy,Quale,rqbear@gmail.com,"Tom Wokasch, Rick Kloek & Pat Griffiths",None,,,,51804082,"03/29/2019, 09:35pm CDT",ZAT81773,rquale@bloomingtonmn.gov,Active,Claimed,Paid
Tom,Wokasch,wokaschtom@gmail.com,"Big Dee, Q, Murph ",None,,,,51804123,"03/29/2019, 09:41pm CDT",KRU08323,wokaschtom@gmail.com,Active,Claimed,Paid
David,Hellmuth,dhellmuth@hjlawfirm.com,,None,,,,51969699,"04/02/2019, 04:17pm CDT",KRQ42743,dhellmuth@hjlawfirm.com,Active,Claimed,Paid
John,Stavig,jstavig@umn.edu,"Williams, Weiler, TBD",None,,,,51976757,"04/02/2019, 05:27pm CDT",UDH41928,jstavig@umn.edu,Active,Claimed,Paid
Kurt,Halva,kehalva@msn.com,"Assuming that they are attending.... Jay Story, Bill Derrick, Randy Quale, Big D, John Gabos, Tom Wokasch, Reed Anfinson, Mike Kohlrusch, Lynn Ellis",None,,,,52141957,"04/06/2019, 03:48pm CDT",SVF68585,kehalva@msn.com,Active,Claimed,Paid
Brent,Seaberg,bmseaberg@yahoo.com,,Three,,,,52268311,"04/09/2019, 06:25pm CDT",TQW91742,bmseaberg@yahoo.com,Active,Claimed,Paid
Aj Gehant,,,,,,,,,,,,,,
Tom Johnson,,,,,,,,,,,,,,
Charles Kennedy,,,,,,,,,,,,,,
Chandler,Jacoby,jaco1968@umn.edu,Sam Theisen and Ben Sanderson,None,,,,52296197,"04/10/2019, 11:33am CDT",KEJ75071,jaco1968@umn.edu,Active,Claimed,Paid
Ben,Sanderson,bsanderson1500@gmail.com,Chandler Jacoby and Sam Theisen,None,,,,52297051,"04/10/2019, 11:50am CDT",OTA61575,bsanderson1500@gmail.com,Active,Claimed,Paid
Jay,Story,storyjay@yahoo.com,"Halva , Derrick, Quale..  You pick they are all brothers ",None,,,,52302056,"04/10/2019, 01:18pm CDT",AXU86713,storyjay@yahoo.com,Active,Claimed,Paid
Thomas,Hansen,tjnavaho15@gmail.com,,None,,,,52315996,"04/10/2019, 06:26pm CDT",HLX92512,tjnavaho15@gmail.com,Active,Claimed,Paid
Jeffrey,Ridley,ridsjeff14@yahoo.com,"Golf with Jon Wiens, Blake Omlie, Kevin Smith, Bill Hollway",None,,,,52353685,"04/11/2019, 04:24pm CDT",FXK89621,ridsjeff14@yahoo.com,Active,Claimed,Paid
Tom,Hamre,tchamre@hotmail.com,,None,,,,52395707,"04/12/2019, 03:42pm CDT",QFN91936,tchamre@hotmail.com,Active,Claimed,Paid
J D,Weiler,wheelsiv@aol.com,"Todd Williams, John Stavig, Max Webert",None,,,,52419302,"04/13/2019, 11:24am CDT",RLO23043,wheelsiv@aol.com,Active,Claimed,Paid
Bill,Derrick,bill@derrickbuilt.com,"Jay Story, Kurt Halva",None,,,,52424585,"04/13/2019, 02:41pm CDT",ANM26815,bill@derrickbuilt.com,Active,Unclaimed,Paid
Blake,Omlie,blakeomlie@gmail.com,"Jeff Ridley, Jon Wiens, Kevin Smith, Bill Hollway, Dave Hoy",None,,,,52444284,"04/14/2019, 10:57am CDT",DQE40881,blakeomlie@gmail.com,Active,Claimed,Paid
Charles ,Coffee,bncof@aol.com,"Henry Fiola, Lou Kennedy, Jack Park",None,,,,52452063,"04/14/2019, 03:06pm CDT",MXJ12249,bncof@aol.com,Active,Claimed,Paid
nate,morris,nmmoco@gmail.com,,None,,,,52492470,"04/15/2019, 12:38pm CDT",XCN46503,nmmoco@gmail.com,Active,Claimed,Paid
Bill,Hollway,bhollway61@gmail.com,"Jeff Ridley, Blake Omlie",None,,,,52497556,"04/15/2019, 01:54pm CDT",DXE21446,bhollway61@gmail.com,Active,Claimed,Paid
Patrick,Griffiths,pgriff1@isd77.k12.mn.us,"Woks, Q, Big D",None,,,,52528819,"04/15/2019, 11:12pm CDT",WOC50554,pgriff1@isd77.k12.mn.us,Active,Claimed,Paid
Thomas,Metzger,tom.m.metzger@gmail.com,,None,,,,52678978,"04/19/2019, 01:15pm CDT",TXP03944,tom.m.metzger@gmail.com,Active,Unclaimed,Paid
Justin,Smith,smit2026@umn.edu,,None,,,,52774659,"04/23/2019, 07:30am CDT",BGN08043,smit2026@umn.edu,Active,Claimed,Paid
henry,fiola,henryfiola@gmail.com,,None,,,,52894094,"04/25/2019, 09:57am CDT",MOW96112,henryfiola@gmail.com,Active,Claimed,Paid
Todd,Williams,ta_williams2000@yahoo.com,"Stavig, Wheels, Webert foursome?",None,,,,53228983,"05/03/2019, 06:48am CDT",NXA73523,ta_williams2000@yahoo.com,Active,Unclaimed,Paid
