Name,Era,Committee POR,Email,Phone,Confirmed Participant,Call Segment,Availability/Response
Andy Johnson,1950,Jeff,arjpaz@gmail.com,,Yes,1950s,"I would be available after 10 AM (Pacific Time) any day except Tuesday... On Tuesdays I would not be available until after 1 PM... Other than that, I can manage any scheduled time..."
Bob Alexander,1960,Jeff,balexander@selectcomm.net,,Yes,1960s,
Bill Derek,1975,Tom,Wderrick@derrickbuilt.com,,Yes,1970s,Thursday
John Gabos,1980,Charlie,jgabos@myiceberg.com,,Yes,1980s,"Nathan, I am open Friday 8:30-11:00 Central I also have more available but It may be open “now” and filled within minutes"
Dave Hunt,1980,Charlie,Dave.j.hunt22@gmail.com,,Yes,1980s,"Sorry for the slow reply. Fridays are often my most open times, so agree with John on that count. I would lobby for the 10:00ct hour since I'm pacific time, though I would make myself available earlier. I can also find other times to sync with Jason's schedule with random openings M-Th which I will book if available, upon receipt."
Jason Sitko,1985,Jeff,jpsittko@comcast.net,,Yes,1980s,Im flexible. Text me at 612.868.3910
Jason Baker,1990,Jeff,jbaker@jbaker.org,,Yes,1990s,"I could make Tuesday 1-3pm, Wednesday 2:30-3:30 or Thursday 2-3 work."
Stephen Fedel,1995,Lance,Stevenfedel@me.com,612-308-4077,Yes,1990s,Any of those times work for him as well
Andrew Rorvig,1995,Tom,arorvig@mcfarg.com,,Yes,1990s,"Mid afternoons, tues, wed, thurs"
Josh Mohr,2000,Lance,mohrjosh@gmail.com,612-723-5110,Yes,2000s,I'm on the west coast and am free anytime before 10 am PST on both days.
Alec Casturos,2000,Tom,gacatsuros@gmail.com,920-606-0070,Yes,2000s,
Joey Tarlson,2005,Tom,jrtaralson@gmail.com,,Yes,2000s,Friday preferred
Chris Hodge,2005,Tom,hodge.chris5@gmail.com,630-508-2737,Yes,2000s,Friday morning good if needed
Dean George,2005,Tom,Dean.w.george@gmail.com,,Yes,2000s,Friday morning is also good for me!
Logan Voelker,2005,Tom,logantvoelker@gmail.com,,Yes,2000s,Friday works best for him
Matt Fobbe,2015,Marty,fobb0005@umn.edu,847-873-9771,Yes,2010s,
Mitch Terrel,2015,Jack,mitchterrell@gmail.com,,Yes,2010s,"Received email, follow up question, asking for further availability"
Max Nelson,2020,Zobel,nel00034@umn.edu,,Yes,2010s,
Mason Thimjon,2020,Zobel,thimj003@umn.edu,,Yes,2010s,
Andrew Swisher,2015,Tom,aswisher@bibliate.com,,Yes,2010s,