Event Name,Order ID,Date,Venue Name,Venue ID,Gross Revenue (USD),Ticket Revenue (USD),Eventbrite Fees (USD),Eventbrite Payment Processing (USD),Tax on Eventbrite Fees (USD),Tickets,Type,Status,Distribution Partner,Delivery Method,Payment Method,First Name,Last Name,Email Address,Billing Address 1,Billing Address 2,Billing City,Billing State,Billing Zip,Billing Country
Phi Kappa Psi Founders Day,1218555825,1/15/2020,TCF Bank Stadium,45920943,48.61,40.7,6.78,1.13,3.61,1,Credit/Debit Card,Eventbrite Completed,,eTicket,American Express - XXXX-XXXXXX-X1005,Brent,Seaberg,brentmseaberg@gmail.com,,,,,55404,US
Phi Kappa Psi Founders Day,1219647865,1/16/2020,TCF Bank Stadium,45920943,79.03,65.7,11.51,1.82,5.87,2,Credit/Debit Card,Eventbrite Completed,,eTicket,Visa - XXXX-XXXXXX-8030,Joey,Taralson,jrtaralson@gmail.com,,,,,55427,US
Phi Kappa Psi Founders Day,1228729471,1/23/2020,TCF Bank Stadium,45920943,48.61,40.7,6.78,1.13,3.61,1,Credit/Debit Card,Eventbrite Completed,,eTicket,MasterCard - XXXX-XXXXXX-8286,Anthony,Howard,howar555@umn.edu,,,,,30319,US
Phi Kappa Psi Founders Day,1235281427,1/28/2020,TCF Bank Stadium,45920943,48.61,40.7,6.78,1.13,3.61,1,Credit/Debit Card,Eventbrite Completed,,eTicket,Visa - XXXX-XXXXXX-2054,Chandler,Jacoby,chandlercj8@gmail.com,,,,,55436,US
Phi Kappa Psi Founders Day,1235299043,1/28/2020,TCF Bank Stadium,45920943,48.61,40.7,6.78,1.13,3.61,1,Credit/Debit Card,Eventbrite Completed,,eTicket,Visa - XXXX-XXXXXX-8204,Sam,Theisen,stheisen@markarch.com,,,,,55446,US
Phi Kappa Psi Founders Day,1235393819,1/28/2020,TCF Bank Stadium,45920943,48.61,40.7,6.78,1.13,3.61,1,Credit/Debit Card,Eventbrite Completed,,eTicket,American Express - XXXX-XXXXXX-X1008,Benjamin,Sanderson,bsanderson1500@gmail.com,,,,,55416,US
Phi Kappa Psi Founders Day,1235709157,1/28/2020,TCF Bank Stadium,45920943,48.61,40.7,6.78,1.13,3.61,1,Credit/Debit Card,Eventbrite Completed,,eTicket,Visa - XXXX-XXXXXX-2905,Jason,Koopman,koopm051@umn.edu,,,,,56377,US
Phi Kappa Psi Founders Day,1236325331,1/29/2020,TCF Bank Stadium,45920943,48.61,40.7,6.78,1.13,3.61,1,Credit/Debit Card,Eventbrite Completed,,eTicket,Visa - XXXX-XXXXXX-5457,Matt,Borgen,matteborgen@gmail.com,,,,,50219,US
Phi Kappa Psi Founders Day,1236393259,1/29/2020,TCF Bank Stadium,45920943,48.61,40.7,6.78,1.13,3.61,1,Credit/Debit Card,Eventbrite Completed,,eTicket,Visa - XXXX-XXXXXX-8434,David ,Hellmuth,dhellmuth@hjlawfirm.com,,,,,55439,US
Phi Kappa Psi Founders Day,1236990795,1/29/2020,TCF Bank Stadium,45920943,48.61,40.7,6.78,1.13,3.61,1,Credit/Debit Card,Eventbrite Completed,,eTicket,Visa - XXXX-XXXXXX-9268,Blane,Iffert,ifferts@comcast.net,,,,,55436,US
Phi Kappa Psi Founders Day,1237251555,1/29/2020,TCF Bank Stadium,45920943,79.03,65.7,11.51,1.82,5.87,2,PayPal,Eventbrite Completed,,eTicket,PayPal - joeldsilver@gmail.com,Joel,Silver,joeldsilver@gmail.com,,,,,,
Phi Kappa Psi Founders Day,1237449261,1/30/2020,TCF Bank Stadium,45920943,48.61,40.7,6.78,1.13,3.61,1,PayPal,Eventbrite Completed,,eTicket,PayPal - mike@mikeweiland.com,Michael,Weilamd,mike@mikeweiland.com,,,,,,
Phi Kappa Psi Founders Day,1238433293,1/30/2020,TCF Bank Stadium,45920943,48.61,40.7,6.78,1.13,3.61,1,Credit/Debit Card,Eventbrite Completed,,eTicket,Discover - XXXX-XXXXXX-4511,Ben,Tiffany,tiffa040@umn.edu,,,,,55416,US
Phi Kappa Psi Founders Day,1239507041,1/31/2020,TCF Bank Stadium,45920943,48.61,40.7,6.78,1.13,3.61,1,Credit/Debit Card,Eventbrite Completed,,eTicket,Visa - XXXX-XXXXXX-4246,Martin,Voices,mwvoves@gmail.com,,,MINNEAPOLIS,MN,55407,US
Phi Kappa Psi Founders Day,1239649177,1/31/2020,TCF Bank Stadium,45920943,97.22,81.4,13.56,2.26,7.22,2,Credit/Debit Card,Eventbrite Completed,,eTicket,Visa - XXXX-XXXXXX-3727,Adam,Morgan,agm@pkpfoundation.org,,,,,46226,US
Phi Kappa Psi Founders Day,1243007893,2/3/2020,TCF Bank Stadium,45920943,79.03,65.7,11.51,1.82,5.87,2,Credit/Debit Card,Eventbrite Completed,,eTicket,American Express - XXXX-XXXXXX-X1000,Bill,Derrick,bill@derrickbuilt.com,,,,,55129,US
Phi Kappa Psi Founders Day,1243228003,2/3/2020,TCF Bank Stadium,45920943,48.61,40.7,6.78,1.13,3.61,1,Credit/Debit Card,Eventbrite Completed,,eTicket,Visa - XXXX-XXXXXX-3866,Anthony,Becker,beck0921@umn.edu,,,,,55906,US
Phi Kappa Psi Founders Day,1243283619,2/3/2020,TCF Bank Stadium,45920943,79.03,65.7,11.51,1.82,5.87,2,Credit/Debit Card,Eventbrite Completed,,eTicket,American Express - XXXX-XXXXXX-X2000,Fred,Hegele,fred@hegele.com,,,,,,
Phi Kappa Psi Founders Day,1244045399,2/4/2020,TCF Bank Stadium,45920943,79.03,65.7,11.51,1.82,5.87,2,Credit/Debit Card,Eventbrite Completed,,eTicket,Visa - XXXX-XXXXXX-3293,John,Gabos,Jgabos@myiceberg.com,,,,,55384,US
Phi Kappa Psi Founders Day,1244146355,2/4/2020,TCF Bank Stadium,45920943,48.61,40.7,6.78,1.13,3.61,1,Credit/Debit Card,Eventbrite Completed,,eTicket,Discover - XXXX-XXXXXX-0336,Thomas,McCammon,mccammon@frontiernet.net,,,,,56220,US
Phi Kappa Psi Founders Day,1244410949,2/4/2020,TCF Bank Stadium,45920943,79.03,65.7,11.51,1.82,5.87,2,Credit/Debit Card,Eventbrite Completed,,eTicket,Visa - XXXX-XXXXXX-0417,Robert,Leick,robert@leick.com,,,,,55447,US
Phi Kappa Psi Founders Day,1246847731,2/5/2020,TCF Bank Stadium,45920943,48.61,40.7,6.78,1.13,3.61,1,Credit/Debit Card,Eventbrite Completed,,eTicket,Visa - XXXX-XXXXXX-7172,Chris,Cranbrook,cranbrookc@gmail.com,,,,,55345,US
Phi Kappa Psi Founders Day,1247744673,2/6/2020,TCF Bank Stadium,45920943,48.61,40.7,6.78,1.13,3.61,1,Credit/Debit Card,Eventbrite Completed,,eTicket,Visa - XXXX-XXXXXX-3525,Meir,Avila,meir.avila@rjmconstruction.com,,,,,55435,US
Phi Kappa Psi Founders Day,1252321273,2/9/2020,TCF Bank Stadium,45920943,48.61,40.7,6.78,1.13,3.61,1,Credit/Debit Card,Eventbrite Completed,,eTicket,American Express - XXXX-XXXXXX-X1001,Richard,Wasson,rwasson23@me.com,,,,,73013,US
Phi Kappa Psi Founders Day,1253363893,2/10/2020,TCF Bank Stadium,45920943,48.61,40.7,6.78,1.13,3.61,1,Credit/Debit Card,Eventbrite Completed,,eTicket,Visa - XXXX-XXXXXX-2882,Andy,Taylor,andrewsoontaylor@gmail.com,,,,,55416,US
Phi Kappa Psi Founders Day,1255159037,2/11/2020,TCF Bank Stadium,45920943,48.61,40.7,6.78,1.13,3.61,1,Credit/Debit Card,Eventbrite Completed,,eTicket,American Express - XXXX-XXXXXX-X5006,John,Bristol,johnrobertbristol@gmail.com,,,,,55311,US
Phi Kappa Psi Founders Day,1255316409,2/11/2020,TCF Bank Stadium,45920943,48.61,40.7,6.78,1.13,3.61,1,Credit/Debit Card,Eventbrite Completed,,eTicket,American Express - XXXX-XXXXXX-X1002,John ,Byers,byers051@umn.edu,,,,,55364,US
Phi Kappa Psi Founders Day,1255438791,2/11/2020,TCF Bank Stadium,45920943,48.61,40.7,6.78,1.13,3.61,1,Credit/Debit Card,Eventbrite Completed,,eTicket,Visa - XXXX-XXXXXX-6165,Lance,Fischer ,lancedfischer@gmail.com,,,,,55116,US
Phi Kappa Psi Founders Day,1255593421,2/11/2020,TCF Bank Stadium,45920943,48.61,40.7,6.78,1.13,3.61,1,Credit/Debit Card,Eventbrite Completed,,eTicket,Visa - XXXX-XXXXXX-2860,Jason,Baker,jbaker@mnfamily.org,,,,,,
Phi Kappa Psi Founders Day,1257262437,2/12/2020,TCF Bank Stadium,45920943,48.61,40.7,6.78,1.13,3.61,1,Credit/Debit Card,Eventbrite Completed,,eTicket,Visa - XXXX-XXXXXX-8082,Josh,Moe,josh@tfm.media,,,,,55357,US
Phi Kappa Psi Founders Day,1257666303,2/12/2020,TCF Bank Stadium,45920943,48.61,40.7,6.78,1.13,3.61,1,Credit/Debit Card,Eventbrite Completed,,eTicket,Visa - XXXX-XXXXXX-6645,Tim,Jacobsen,timjacobsen26@gmail.com,,,,,55416,US
Phi Kappa Psi Founders Day,1258240099,2/12/2020,TCF Bank Stadium,45920943,48.61,40.7,6.78,1.13,3.61,1,Credit/Debit Card,Eventbrite Completed,,eTicket,American Express - XXXX-XXXXXX-X1002,Matthew,Kerschinske,kersc011@umn.edu,,,,,55418,US
Phi Kappa Psi Founders Day,1258339309,2/12/2020,TCF Bank Stadium,45920943,48.61,40.7,6.78,1.13,3.61,1,Credit/Debit Card,Eventbrite Completed,,eTicket,Visa - XXXX-XXXXXX-4347,Jack,Lindquist,jacklindquist70@gmail.com,,,,,55305,US
Phi Kappa Psi Founders Day,1258399101,2/12/2020,TCF Bank Stadium,45920943,48.61,40.7,6.78,1.13,3.61,1,Credit/Debit Card,Eventbrite Completed,,eTicket,Visa - XXXX-XXXXXX-9950,Tim,Murphy,tim.murphy78@yahoo.com,,,,,60657,US
Phi Kappa Psi Founders Day,1259760187,2/13/2020,TCF Bank Stadium,45920943,79.03,65.7,11.51,1.82,5.87,2,Credit/Debit Card,Eventbrite Completed,,eTicket,Visa - XXXX-XXXXXX-6047,Marc,Hauser,hauser_marc@hotmail.com,,,,,55346,US
Phi Kappa Psi Founders Day,1259894117,2/13/2020,TCF Bank Stadium,45920943,48.61,40.7,6.78,1.13,3.61,1,Credit/Debit Card,Eventbrite Completed,,eTicket,American Express - XXXX-XXXXXX-X1005,Kevin,Karraker,kev.karraker@gmail.com,,,,,55418,US
Phi Kappa Psi Founders Day,1260390019,2/13/2020,TCF Bank Stadium,45920943,48.61,40.7,6.78,1.13,3.61,1,Credit/Debit Card,Eventbrite Completed,,eTicket,American Express - XXXX-XXXXXX-X1008,George,Lancaster,glancaster30@gmail.com,,,,,55435,US
Phi Kappa Psi Founders Day,1260973159,2/14/2020,TCF Bank Stadium,45920943,48.61,40.7,6.78,1.13,3.61,1,Credit/Debit Card,Eventbrite Completed,,eTicket,Visa - XXXX-XXXXXX-1986,Thomas,Johnson,joh10083@umn.edu,,,,,55105,US
Phi Kappa Psi Founders Day,1261727215,2/14/2020,TCF Bank Stadium,45920943,48.61,40.7,6.78,1.13,3.61,1,Credit/Debit Card,Eventbrite Completed,,eTicket,Visa - XXXX-XXXXXX-8380,Sam,Vatnsdal,samuel.vatnsdal@gmail.com,,,,,55416,US
Phi Kappa Psi Founders Day,1262523639,2/15/2020,TCF Bank Stadium,45920943,48.61,40.7,6.78,1.13,3.61,1,Credit/Debit Card,Eventbrite Completed,,eTicket,MasterCard - XXXX-XXXXXX-6831,Patrick,Taylor,pctaylor95@gmail.com,,,,,55416,US
Phi Kappa Psi Founders Day,1263482415,2/16/2020,TCF Bank Stadium,45920943,48.61,40.7,6.78,1.13,3.61,1,Credit/Debit Card,Eventbrite Completed,,eTicket,Visa - XXXX-XXXXXX-6407,Jack,Zucker,zucke026@umn.edu,,,,,55347,US
Phi Kappa Psi Founders Day,1264301645,2/17/2020,TCF Bank Stadium,45920943,48.61,40.7,6.78,1.13,3.61,1,Credit/Debit Card,Eventbrite Completed,,eTicket,American Express - XXXX-XXXXXX-X5405,Arend,Turner,arendturner@gmail.com,,,,,55364,US
Phi Kappa Psi Founders Day,1264481209,2/17/2020,TCF Bank Stadium,45920943,48.61,40.7,6.78,1.13,3.61,1,Credit/Debit Card,Eventbrite Completed,,eTicket,Visa - XXXX-XXXXXX-9822,Ben,Bowman,ben@benbowman.com,,,,,55126,US
Phi Kappa Psi Founders Day,1264512773,2/17/2020,TCF Bank Stadium,45920943,48.61,40.7,6.78,1.13,3.61,1,Credit/Debit Card,Eventbrite Completed,,eTicket,Visa - XXXX-XXXXXX-8204,Jake,Simich,simich.jake@gmail.com,,,,,55318,US
Phi Kappa Psi Founders Day,1264528255,2/17/2020,TCF Bank Stadium,45920943,48.61,40.7,6.78,1.13,3.61,1,Credit/Debit Card,Eventbrite Completed,,eTicket,Visa - XXXX-XXXXXX-6568,Alexander,May,alexander.t.may6@gmail.com,,,,,55105,US
Phi Kappa Psi Founders Day,1264548623,2/17/2020,TCF Bank Stadium,45920943,48.61,40.7,6.78,1.13,3.61,1,Credit/Debit Card,Eventbrite Completed,,eTicket,Visa - XXXX-XXXXXX-2967,Jeffrey,Stuhr,jeff.stuhr@comcast.net,,,,,55318,US
Phi Kappa Psi Founders Day,1264611963,2/17/2020,TCF Bank Stadium,45920943,48.61,40.7,6.78,1.13,3.61,1,Credit/Debit Card,Eventbrite Completed,,eTicket,American Express - XXXX-XXXXXX-X1006,Josh,Tinucci,joshtinucci@gmail.com,,,,,55418,US
Phi Kappa Psi Founders Day,1264934141,2/17/2020,TCF Bank Stadium,45920943,48.61,40.7,6.78,1.13,3.61,1,PayPal,Eventbrite Completed,,eTicket,PayPal - kobay030@umn.edu,Cullen,Kobayashi,kobay030@umn.edu,,,,,,
Phi Kappa Psi Founders Day,1265167415,2/18/2020,TCF Bank Stadium,45920943,48.61,40.7,6.78,1.13,3.61,1,Credit/Debit Card,Eventbrite Completed,,eTicket,Discover - XXXX-XXXXXX-1470,Kurtis,Dostal,dostal.kurtis@gmail.com,,,,,55410,US
Phi Kappa Psi Founders Day,1265262373,2/18/2020,TCF Bank Stadium,45920943,48.61,40.7,6.78,1.13,3.61,1,Credit/Debit Card,Eventbrite Completed,,eTicket,Visa - XXXX-XXXXXX-1299,Simon,Beck,beckx534@umn.edu,,,,,55402,US
Phi Kappa Psi Founders Day,1265268981,2/18/2020,TCF Bank Stadium,45920943,48.61,40.7,6.78,1.13,3.61,1,Credit/Debit Card,Eventbrite Completed,,eTicket,Visa - XXXX-XXXXXX-3094,Andrew,Zobel,Azobel58@gmail.com,,,,,55102,US
Phi Kappa Psi Founders Day,1265324209,2/18/2020,TCF Bank Stadium,45920943,48.61,40.7,6.78,1.13,3.61,1,Credit/Debit Card,Eventbrite Completed,,eTicket,Visa - XXXX-XXXXXX-6981,Korey,Koob,kkoob20@gmail.com,,,,,55318,US
Phi Kappa Psi Founders Day,1265415603,2/18/2020,TCF Bank Stadium,45920943,48.61,40.7,6.78,1.13,3.61,1,Credit/Debit Card,Eventbrite Completed,,eTicket,American Express - XXXX-XXXXXX-X1004,Diego,De Bedout Mora,debed001@umn.edu,,,,,55435,US
Phi Kappa Psi Founders Day,1265552093,2/18/2020,TCF Bank Stadium,45920943,48.61,40.7,6.78,1.13,3.61,1,Credit/Debit Card,Eventbrite Completed,,eTicket,Visa - XXXX-XXXXXX-8573,Ryan,Brattain,ryan.brattain@gmail.com,,,,,55404,US
Phi Kappa Psi Founders Day,1268045785,2/19/2020,TCF Bank Stadium,45920943,48.61,40.7,6.78,1.13,3.61,1,PayPal,Eventbrite Completed,,eTicket,PayPal - jonb500_1999@yahoo.com,Jon,Butkovich,jon-b@internationalpackaging.com,,,,,,
Phi Kappa Psi Founders Day,1269621511,2/20/2020,TCF Bank Stadium,45920943,48.61,40.7,6.78,1.13,3.61,1,Credit/Debit Card,Eventbrite Completed,,eTicket,Visa - XXXX-XXXXXX-4342,Charlie,Kennedy,kennedy.r.charlie@gmail.com,,,,,55364,US
Phi Kappa Psi Founders Day,1270159781,2/21/2020,TCF Bank Stadium,45920943,48.61,40.7,6.78,1.13,3.61,1,Credit/Debit Card,Eventbrite Completed,,eTicket,Visa - XXXX-XXXXXX-3624,Andrew,Swisher,aswisher@bibliate.com,,,,,55402,US
Phi Kappa Psi Founders Day,1270856599,2/21/2020,TCF Bank Stadium,45920943,48.61,40.7,6.78,1.13,3.61,1,Credit/Debit Card,Eventbrite Completed,,eTicket,Visa - XXXX-XXXXXX-6492,AJ,Gehant,aj.gehant@gmail.com,,,,,55376,US
Phi Kappa Psi Founders Day,1271060739,2/21/2020,TCF Bank Stadium,45920943,48.61,40.7,6.78,1.13,3.61,1,Credit/Debit Card,Eventbrite Completed,,eTicket,Visa - XXXX-XXXXXX-1434,Kevin,Nguyen,nguy2335@umn.edu,,,,,55122,US
Phi Kappa Psi Founders Day,1271084197,2/21/2020,TCF Bank Stadium,45920943,48.61,40.7,6.78,1.13,3.61,1,Credit/Debit Card,Eventbrite Completed,,eTicket,American Express - XXXX-XXXXXX-X1004,Jacob,Strom,jakestrom1@gmail.com,,,,,55447,US
